1 -458501.0
2 -0.0
3 -0.45185329433143795
Objective functions


Mammography Units: 

Mammography Unit 0 installed at Joinville non-used capacity 0

Joinville => 6758/47662

Mammography Unit 1 installed at Joinville non-used capacity 0

Joinville => 6758/47662

Mammography Unit 2 installed at Florianópolis non-used capacity 0

Florianópolis => 6758/41605

Mammography Unit 3 installed at Joinville non-used capacity 0

Joinville => 6758/47662

Mammography Unit 4 installed at Florianópolis non-used capacity 0

Florianópolis => 6758/41605

Mammography Unit 5 installed at Blumenau non-used capacity 0

Blumenau => 6758/30047

Mammography Unit 6 installed at Blumenau non-used capacity 0

Blumenau => 6758/30047

Mammography Unit 7 installed at Florianópolis non-used capacity 0

Florianópolis => 6758/41605

Mammography Unit 8 installed at São José non-used capacity 0

São José => 6758/20470

Mammography Unit 9 installed at Criciúma non-used capacity 0

Criciúma => 6758/18587

Mammography Unit 10 installed at Itajaí non-used capacity 0

Itajaí => 6758/16537

Mammography Unit 11 installed at Blumenau non-used capacity 0

Blumenau => 6758/30047

Mammography Unit 12 installed at Joinville non-used capacity 0

Joinville => 6758/47662

Mammography Unit 13 installed at Joinville non-used capacity 0

Joinville => 6758/47662

Mammography Unit 14 installed at Chapecó non-used capacity 0

Chapecó => 6758/15917

Mammography Unit 15 installed at Florianópolis non-used capacity 0

Florianópolis => 6758/41605

Mammography Unit 16 installed at Florianópolis non-used capacity 0

Florianópolis => 6758/41605

Mammography Unit 17 installed at Lages non-used capacity 0

Lages => 6758/14417

Mammography Unit 18 installed at Jaraguá do Sul non-used capacity 0

Jaraguá do Sul => 6758/12690

Mammography Unit 19 installed at Joinville non-used capacity 0

Joinville => 6758/47662

Mammography Unit 20 installed at São José non-used capacity 0

São José => 6758/20470

Mammography Unit 21 installed at Balneário Camboriú non-used capacity 0

Balneário Camboriú => 6758/10758

Mammography Unit 22 installed at Tubarão non-used capacity 0

Tubarão => 6758/9806

Mammography Unit 23 installed at Criciúma non-used capacity 0

Criciúma => 6758/18587

Mammography Unit 24 installed at Itajaí non-used capacity 0

Itajaí => 6758/16537

Mammography Unit 25 installed at Palhoça non-used capacity 0

Palhoça => 6758/12163

Mammography Unit 26 installed at Chapecó non-used capacity 0

Chapecó => 6758/15917

Mammography Unit 27 installed at Florianópolis non-used capacity 0

Florianópolis => 6758/41605

Mammography Unit 28 installed at Brusque non-used capacity 0

Brusque => 6758/9733

Mammography Unit 29 installed at Joinville non-used capacity 0

Joinville => 6758/47662

Mammography Unit 30 installed at Lages non-used capacity 0

Lages => 6758/14417

Mammography Unit 31 installed at Blumenau non-used capacity 0

Blumenau => 6758/30047

Mammography Unit 32 installed at São José non-used capacity 0

São José => 6758/20470

Mammography Unit 33 installed at Caçador non-used capacity 689

Caçador => 6069/6069

Mammography Unit 34 installed at Concórdia non-used capacity 219

Concórdia => 6539/6539

Mammography Unit 35 installed at Jaraguá do Sul non-used capacity 826

Jaraguá do Sul => 5932/12690

Mammography Unit 36 installed at São Bento do Sul non-used capacity 125

São Bento do Sul => 6633/6633

Mammography Unit 37 installed at Araranguá non-used capacity 1094

Araranguá => 5664/5664

Mammography Unit 38 installed at Rio do Sul non-used capacity 1107

Rio do Sul => 5651/5651

Mammography Unit 39 installed at Içara non-used capacity 1330

Içara => 5428/5428

Mammography Unit 40 installed at Biguaçu non-used capacity 1571

Biguaçu => 5187/5187

Mammography Unit 41 installed at Palhoça non-used capacity 1353

Palhoça => 5405/12163

Mammography Unit 42 installed at Gaspar non-used capacity 1373

Gaspar => 5385/5385

Mammography Unit 43 installed at Criciúma non-used capacity 1687

Criciúma => 5071/18587

Mammography Unit 44 installed at Laguna non-used capacity 1839

Laguna => 4919/4919

Mammography Unit 45 installed at Camboriú non-used capacity 1657

Camboriú => 5101/5101

Mammography Unit 46 installed at Mafra non-used capacity 2007

Mafra => 4751/4751

Mammography Unit 47 installed at Canoinhas non-used capacity 2117

Canoinhas => 4641/4641

Mammography Unit 48 installed at Navegantes non-used capacity 1639

Navegantes => 5119/5119

Mammography Unit 49 installed at Itapema non-used capacity 2415

Itapema => 4343/4343

Mammography Unit 50 installed at Videira non-used capacity 2579

Videira => 4179/4179

Mammography Unit 51 installed at Xanxerê non-used capacity 2781

Xanxerê => 3977/3977

Mammography Unit 52 installed at Imbituba non-used capacity 2926

Imbituba => 3832/3832

Mammography Unit 53 installed at Balneário Camboriú non-used capacity 2758

Balneário Camboriú => 4000/10758

Mammography Unit 54 installed at Timbó non-used capacity 3240

Timbó => 3518/3518

Mammography Unit 55 installed at São Francisco do Sul non-used capacity 2985

São Francisco do Sul => 3773/3773

Mammography Unit 56 installed at São Miguel do Oeste non-used capacity 3278

São Miguel do Oeste => 3480/3480

Mammography Unit 57 installed at Rio Negrinho non-used capacity 3355

Rio Negrinho => 3403/3403

Mammography Unit 58 installed at Curitibanos non-used capacity 3464

Curitibanos => 3294/3294

Mammography Unit 59 installed at Tubarão non-used capacity 3710

Tubarão => 3048/9806

Mammography Unit 60 installed at Itajaí non-used capacity 3737

Itajaí => 3021/16537

Mammography Unit 61 installed at Blumenau non-used capacity 3743

Blumenau => 3015/30047

Mammography Unit 62 installed at Indaial non-used capacity 1908

Indaial => 4850/4850

Mammography Unit 63 installed at Porto União non-used capacity 3761

Porto União => 2997/2997

Mammography Unit 64 installed at Campos Novos non-used capacity 3907

Campos Novos => 2851/2851

Mammography Unit 65 installed at Brusque non-used capacity 3783

Brusque => 2975/9733

Mammography Unit 66 installed at Guaramirim non-used capacity 3939

Guaramirim => 2819/2819

Mammography Unit 67 installed at Joaçaba non-used capacity 4122

Joaçaba => 2636/2636

Mammography Unit 68 installed at Pomerode non-used capacity 4179

Pomerode => 2579/2579

Mammography Unit 69 installed at Fraiburgo non-used capacity 3818

Fraiburgo => 2940/2940

Mammography Unit 70 installed at Tijucas non-used capacity 4059

Tijucas => 2699/2699

Mammography Unit 71 installed at Sombrio non-used capacity 4387

Sombrio => 2371/2371

Mammography Unit 72 installed at Chapecó non-used capacity 4357

Chapecó => 2401/15917

Mammography Unit 73 installed at Xaxim non-used capacity 4411

Xaxim => 2347/2347

Mammography Unit 74 installed at Braço do Norte non-used capacity 4248

Braço do Norte => 2510/2510

Mammography Unit 75 installed at São Joaquim non-used capacity 4462

São Joaquim => 2296/2296

Mammography Unit 76 installed at Penha non-used capacity 4500

Penha => 2258/2258

Mammography Unit 77 installed at Urussanga non-used capacity 4734

Urussanga => 2024/2024

Mammography Unit 78 installed at São João Batista non-used capacity 4628

São João Batista => 2130/2130

Mammography Unit 79 installed at Maravilha non-used capacity 4767

Maravilha => 1991/1991

Mammography Unit 80 installed at Herval d'Oeste non-used capacity 4778

Herval d'Oeste => 1980/1980

Mammography Unit 81 installed at Barra Velha non-used capacity 4755

Barra Velha => 2003/2003

Mammography Unit 82 installed at São Lourenço do Oeste non-used capacity 4805

São Lourenço do Oeste => 1953/1953

Mammography Unit 83 installed at Forquilhinha non-used capacity 4852

Forquilhinha => 1906/1906

Mammography Unit 84 installed at Capivari de Baixo non-used capacity 4661

Capivari de Baixo => 2097/2097

Mammography Unit 85 installed at Orleans non-used capacity 4811

Orleans => 1947/1947

Mammography Unit 86 installed at Capinzal non-used capacity 4963

Capinzal => 1795/1795

Mammography Unit 87 installed at Ituporanga non-used capacity 4856

Ituporanga => 1902/1902

Mammography Unit 88 installed at Guabiruba non-used capacity 5094

Guabiruba => 1664/1664

Mammography Unit 89 installed at Garopaba non-used capacity 5103

Garopaba => 1655/1655

Mammography Unit 90 installed at Araquari non-used capacity 4895

Araquari => 1863/1863

Mammography Unit 91 installed at Santo Amaro da Imperatriz non-used capacity 4967

Santo Amaro da Imperatriz => 1791/1791

Mammography Unit 92 installed at Itaiópolis non-used capacity 5183

Itaiópolis => 1575/1575

Mammography Unit 93 installed at Balneário Piçarras non-used capacity 5207

Balneário Piçarras => 1551/1551

Mammography Unit 94 installed at Palmitos non-used capacity 5224

Palmitos => 1534/1534

Mammography Unit 95 installed at Jaguaruna non-used capacity 5116

Jaguaruna => 1642/1642

Mammography Unit 96 installed at Ibirama non-used capacity 5229

Ibirama => 1529/1529

Mammography Unit 97 installed at Taió non-used capacity 5245

Taió => 1513/1513

Mammography Unit 98 installed at Papanduva non-used capacity 5280

Papanduva => 1478/1478

Mammography Unit 99 installed at Porto Belo non-used capacity 5290

Porto Belo => 1468/1468

Mammography Unit 100 installed at Seara non-used capacity 5208

Seara => 1550/1550

Mammography Unit 101 installed at Morro da Fumaça non-used capacity 5318

Morro da Fumaça => 1440/1440

Mammography Unit 102 installed at Três Barras non-used capacity 5316

Três Barras => 1442/1442

Mammography Unit 103 installed at Otacílio Costa non-used capacity 5361

Otacílio Costa => 1397/1397

Mammography Unit 104 installed at Cocal do Sul non-used capacity 5231

Cocal do Sul => 1527/1527

Mammography Unit 105 installed at Pinhalzinho non-used capacity 5380

Pinhalzinho => 1378/1378

Mammography Unit 106 installed at Presidente Getúlio non-used capacity 5428

Presidente Getúlio => 1330/1330

Mammography Unit 107 installed at Itapoá non-used capacity 5343

Itapoá => 1415/1415

Mammography Unit 108 installed at Gravatal non-used capacity 5765

Gravatal => 993/993

Mammography Unit 109 installed at Lauro Müller non-used capacity 5483

Lauro Müller => 1275/1275

Mammography Unit 110 installed at Bombinhas non-used capacity 5482

Bombinhas => 1276/1276

Mammography Unit 111 installed at Abelardo Luz non-used capacity 5383

Abelardo Luz => 1375/1375

Mammography Unit 112 installed at São José non-used capacity 6562

São José => 196/20470

Mammography Unit 113 installed at Bombinhas non-used capacity 6758


Mammography Unit 114 installed at Indaial non-used capacity 6758


Mammography Unit 115 installed at Tijucas non-used capacity 6758


Mammography Unit 116 installed at Sombrio non-used capacity 6758


Mammography Unit 117 installed at Urussanga non-used capacity 6758


Mammography Unit 118 installed at Biguaçu non-used capacity 6758


Mammography Unit 119 installed at Gaspar non-used capacity 6758


Mammography Unit 120 installed at São Miguel do Oeste non-used capacity 6758


Mammography Unit 121 installed at Bombinhas non-used capacity 6758


Mammography Unit 122 installed at Blumenau non-used capacity 6758


Mammography Unit 123 installed at Garopaba non-used capacity 6758


Mammography Unit 124 installed at Florianópolis non-used capacity 5701

Florianópolis => 1057/41605

Mammography Unit 125 installed at Criciúma non-used capacity 6758


Mammography Unit 126 installed at Urubici non-used capacity 5820

Urubici => 938/938

Mammography Unit 127 installed at Camboriú non-used capacity 6758


Mammography Unit 128 installed at Palmitos non-used capacity 6758


Mammography Unit 129 installed at Palmitos non-used capacity 6758


Mammography Unit 130 installed at Barra Velha non-used capacity 6758


Cities covered by the equipment 0 => Joinville, 


Cities covered by the equipment 1 => Joinville, 


Cities covered by the equipment 2 => Florianópolis, 


Cities covered by the equipment 3 => Joinville, 


Cities covered by the equipment 4 => Florianópolis, 


Cities covered by the equipment 5 => Blumenau, 


Cities covered by the equipment 6 => Blumenau, 


Cities covered by the equipment 7 => Florianópolis, 


Cities covered by the equipment 8 => São José, 


Cities covered by the equipment 9 => Criciúma, 


Cities covered by the equipment 10 => Itajaí, 


Cities covered by the equipment 11 => Blumenau, 


Cities covered by the equipment 12 => Joinville, 


Cities covered by the equipment 13 => Joinville, 


Cities covered by the equipment 14 => Chapecó, 


Cities covered by the equipment 15 => Florianópolis, 


Cities covered by the equipment 16 => Florianópolis, 


Cities covered by the equipment 17 => Lages, 


Cities covered by the equipment 18 => Jaraguá do Sul, 


Cities covered by the equipment 19 => Joinville, 


Cities covered by the equipment 20 => São José, 


Cities covered by the equipment 21 => Balneário Camboriú, 


Cities covered by the equipment 22 => Tubarão, 


Cities covered by the equipment 23 => Criciúma, 


Cities covered by the equipment 24 => Itajaí, 


Cities covered by the equipment 25 => Palhoça, 


Cities covered by the equipment 26 => Chapecó, 


Cities covered by the equipment 27 => Florianópolis, 


Cities covered by the equipment 28 => Brusque, 


Cities covered by the equipment 29 => Joinville, 


Cities covered by the equipment 30 => Lages, 


Cities covered by the equipment 31 => Blumenau, 


Cities covered by the equipment 32 => São José, 


Cities covered by the equipment 33 => Caçador, 


Cities covered by the equipment 34 => Concórdia, 


Cities covered by the equipment 35 => Jaraguá do Sul, 


Cities covered by the equipment 36 => São Bento do Sul, 


Cities covered by the equipment 37 => Araranguá, 


Cities covered by the equipment 38 => Rio do Sul, 


Cities covered by the equipment 39 => Içara, 


Cities covered by the equipment 40 => Biguaçu, 


Cities covered by the equipment 41 => Palhoça, 


Cities covered by the equipment 42 => Gaspar, 


Cities covered by the equipment 43 => Criciúma, 


Cities covered by the equipment 44 => Laguna, 


Cities covered by the equipment 45 => Camboriú, 


Cities covered by the equipment 46 => Mafra, 


Cities covered by the equipment 47 => Canoinhas, 


Cities covered by the equipment 48 => Navegantes, 


Cities covered by the equipment 49 => Itapema, 


Cities covered by the equipment 50 => Videira, 


Cities covered by the equipment 51 => Xanxerê, 


Cities covered by the equipment 52 => Imbituba, 


Cities covered by the equipment 53 => Balneário Camboriú, 


Cities covered by the equipment 54 => Timbó, 


Cities covered by the equipment 55 => São Francisco do Sul, 


Cities covered by the equipment 56 => São Miguel do Oeste, 


Cities covered by the equipment 57 => Rio Negrinho, 


Cities covered by the equipment 58 => Curitibanos, 


Cities covered by the equipment 59 => Tubarão, 


Cities covered by the equipment 60 => Itajaí, 


Cities covered by the equipment 61 => Blumenau, 


Cities covered by the equipment 62 => Indaial, 


Cities covered by the equipment 63 => Porto União, 


Cities covered by the equipment 64 => Campos Novos, 


Cities covered by the equipment 65 => Brusque, 


Cities covered by the equipment 66 => Guaramirim, 


Cities covered by the equipment 67 => Joaçaba, 


Cities covered by the equipment 68 => Pomerode, 


Cities covered by the equipment 69 => Fraiburgo, 


Cities covered by the equipment 70 => Tijucas, 


Cities covered by the equipment 71 => Sombrio, 


Cities covered by the equipment 72 => Chapecó, 


Cities covered by the equipment 73 => Xaxim, 


Cities covered by the equipment 74 => Braço do Norte, 


Cities covered by the equipment 75 => São Joaquim, 


Cities covered by the equipment 76 => Penha, 


Cities covered by the equipment 77 => Urussanga, 


Cities covered by the equipment 78 => São João Batista, 


Cities covered by the equipment 79 => Maravilha, 


Cities covered by the equipment 80 => Herval d'Oeste, 


Cities covered by the equipment 81 => Barra Velha, 


Cities covered by the equipment 82 => São Lourenço do Oeste, 


Cities covered by the equipment 83 => Forquilhinha, 


Cities covered by the equipment 84 => Capivari de Baixo, 


Cities covered by the equipment 85 => Orleans, 


Cities covered by the equipment 86 => Capinzal, 


Cities covered by the equipment 87 => Ituporanga, 


Cities covered by the equipment 88 => Guabiruba, 


Cities covered by the equipment 89 => Garopaba, 


Cities covered by the equipment 90 => Araquari, 


Cities covered by the equipment 91 => Santo Amaro da Imperatriz, 


Cities covered by the equipment 92 => Itaiópolis, 


Cities covered by the equipment 93 => Balneário Piçarras, 


Cities covered by the equipment 94 => Palmitos, 


Cities covered by the equipment 95 => Jaguaruna, 


Cities covered by the equipment 96 => Ibirama, 


Cities covered by the equipment 97 => Taió, 


Cities covered by the equipment 98 => Papanduva, 


Cities covered by the equipment 99 => Porto Belo, 


Cities covered by the equipment 100 => Seara, 


Cities covered by the equipment 101 => Morro da Fumaça, 


Cities covered by the equipment 102 => Três Barras, 


Cities covered by the equipment 103 => Otacílio Costa, 


Cities covered by the equipment 104 => Cocal do Sul, 


Cities covered by the equipment 105 => Pinhalzinho, 


Cities covered by the equipment 106 => Presidente Getúlio, 


Cities covered by the equipment 107 => Itapoá, 


Cities covered by the equipment 108 => Gravatal, 


Cities covered by the equipment 109 => Lauro Müller, 


Cities covered by the equipment 110 => Bombinhas, 


Cities covered by the equipment 111 => Abelardo Luz, 


Cities covered by the equipment 112 => São José, 


Cities covered by the equipment 113 => 


Cities covered by the equipment 114 => 


Cities covered by the equipment 115 => 


Cities covered by the equipment 116 => 


Cities covered by the equipment 117 => 


Cities covered by the equipment 118 => 


Cities covered by the equipment 119 => 


Cities covered by the equipment 120 => 


Cities covered by the equipment 121 => 


Cities covered by the equipment 122 => 


Cities covered by the equipment 123 => 


Cities covered by the equipment 124 => Florianópolis, 


Cities covered by the equipment 125 => 


Cities covered by the equipment 126 => Urubici, 


Cities covered by the equipment 127 => 


Cities covered by the equipment 128 => 


Cities covered by the equipment 129 => 


Cities covered by the equipment 130 => 



List of mammography units in Abelardo Luz: 111, 


List of mammography units in Agrolândia: 


List of mammography units in Agronômica: 


List of mammography units in Água Doce: 


List of mammography units in Águas de Chapecó: 


List of mammography units in Águas Mornas: 


List of mammography units in Alfredo Wagner: 


List of mammography units in Anchieta: 


List of mammography units in Angelina: 


List of mammography units in Anita Garibaldi: 


List of mammography units in Antônio Carlos: 


List of mammography units in Apiúna: 


List of mammography units in Arabutã: 


List of mammography units in Araquari: 90, 


List of mammography units in Araranguá: 37, 


List of mammography units in Armazém: 


List of mammography units in Arroio Trinta: 


List of mammography units in Ascurra: 


List of mammography units in Aurora: 


List of mammography units in Balneário Arroio do Silva: 


List of mammography units in Balneário Camboriú: 21, 53, 


List of mammography units in Balneário Barra do Sul: 


List of mammography units in Balneário Gaivota: 


List of mammography units in Barra Velha: 81, 130, 


List of mammography units in Bela Vista do Toldo: 


List of mammography units in Benedito Novo: 


List of mammography units in Biguaçu: 40, 118, 


List of mammography units in Blumenau: 5, 6, 11, 31, 61, 122, 


List of mammography units in Bombinhas: 110, 113, 121, 


List of mammography units in Bom Jardim da Serra: 


List of mammography units in Bom Retiro: 


List of mammography units in Botuverá: 


List of mammography units in Braço do Norte: 74, 


List of mammography units in Brusque: 28, 65, 


List of mammography units in Caçador: 33, 


List of mammography units in Caibi: 


List of mammography units in Camboriú: 45, 127, 


List of mammography units in Campo Alegre: 


List of mammography units in Campo Belo do Sul: 


List of mammography units in Campo Erê: 


List of mammography units in Campos Novos: 64, 


List of mammography units in Canelinha: 


List of mammography units in Canoinhas: 47, 


List of mammography units in Capinzal: 86, 


List of mammography units in Capivari de Baixo: 84, 


List of mammography units in Catanduvas: 


List of mammography units in Caxambu do Sul: 


List of mammography units in Chapecó: 14, 26, 72, 


List of mammography units in Cocal do Sul: 104, 


List of mammography units in Concórdia: 34, 


List of mammography units in Cordilheira Alta: 


List of mammography units in Coronel Freitas: 


List of mammography units in Corupá: 


List of mammography units in Correia Pinto: 


List of mammography units in Criciúma: 9, 23, 43, 125, 


List of mammography units in Cunha Porã: 


List of mammography units in Curitibanos: 58, 


List of mammography units in Descanso: 


List of mammography units in Dionísio Cerqueira: 


List of mammography units in Doutor Pedrinho: 


List of mammography units in Erval Velho: 


List of mammography units in Faxinal dos Guedes: 


List of mammography units in Florianópolis: 2, 4, 7, 15, 16, 27, 124, 


List of mammography units in Forquilhinha: 83, 


List of mammography units in Fraiburgo: 69, 


List of mammography units in Galvão: 


List of mammography units in Garopaba: 89, 123, 


List of mammography units in Garuva: 


List of mammography units in Gaspar: 42, 119, 


List of mammography units in Governador Celso Ramos: 


List of mammography units in Grão-Pará: 


List of mammography units in Gravatal: 108, 


List of mammography units in Guabiruba: 88, 


List of mammography units in Guaraciaba: 


List of mammography units in Guaramirim: 66, 


List of mammography units in Guarujá do Sul: 


List of mammography units in Guatambú: 


List of mammography units in Herval d'Oeste: 80, 


List of mammography units in Ibirama: 96, 


List of mammography units in Içara: 39, 


List of mammography units in Ilhota: 


List of mammography units in Imaruí: 


List of mammography units in Imbituba: 52, 


List of mammography units in Imbuia: 


List of mammography units in Indaial: 62, 114, 


List of mammography units in Ipira: 


List of mammography units in Iporã do Oeste: 


List of mammography units in Ipuaçu: 


List of mammography units in Ipumirim: 


List of mammography units in Iraceminha: 


List of mammography units in Irani: 


List of mammography units in Irineópolis: 


List of mammography units in Itá: 


List of mammography units in Itaiópolis: 92, 


List of mammography units in Itajaí: 10, 24, 60, 


List of mammography units in Itapema: 49, 


List of mammography units in Itapiranga: 


List of mammography units in Itapoá: 107, 


List of mammography units in Ituporanga: 87, 


List of mammography units in Jaborá: 


List of mammography units in Jacinto Machado: 


List of mammography units in Jaguaruna: 95, 


List of mammography units in Jaraguá do Sul: 18, 35, 


List of mammography units in Joaçaba: 67, 


List of mammography units in Joinville: 0, 1, 3, 12, 13, 19, 29, 


List of mammography units in José Boiteux: 


List of mammography units in Lages: 17, 30, 


List of mammography units in Laguna: 44, 


List of mammography units in Laurentino: 


List of mammography units in Lauro Müller: 109, 


List of mammography units in Lebon Régis: 


List of mammography units in Lindóia do Sul: 


List of mammography units in Lontras: 


List of mammography units in Luiz Alves: 


List of mammography units in Luzerna: 


List of mammography units in Mafra: 46, 


List of mammography units in Major Vieira: 


List of mammography units in Maracajá: 


List of mammography units in Maravilha: 79, 


List of mammography units in Massaranduba: 


List of mammography units in Meleiro: 


List of mammography units in Modelo: 


List of mammography units in Mondaí: 


List of mammography units in Monte Carlo: 


List of mammography units in Monte Castelo: 


List of mammography units in Morro da Fumaça: 101, 


List of mammography units in Navegantes: 48, 


List of mammography units in Nova Erechim: 


List of mammography units in Nova Itaberaba: 


List of mammography units in Nova Trento: 


List of mammography units in Nova Veneza: 


List of mammography units in Orleans: 85, 


List of mammography units in Otacílio Costa: 103, 


List of mammography units in Ouro: 


List of mammography units in Palhoça: 25, 41, 


List of mammography units in Palma Sola: 


List of mammography units in Palmitos: 94, 128, 129, 


List of mammography units in Papanduva: 98, 


List of mammography units in Paraíso: 


List of mammography units in Passo de Torres: 


List of mammography units in Passos Maia: 


List of mammography units in Paulo Lopes: 


List of mammography units in Pedras Grandes: 


List of mammography units in Penha: 76, 


List of mammography units in Petrolândia: 


List of mammography units in Balneário Piçarras: 93, 


List of mammography units in Pinhalzinho: 105, 


List of mammography units in Piratuba: 


List of mammography units in Pomerode: 68, 


List of mammography units in Ponte Alta: 


List of mammography units in Ponte Serrada: 


List of mammography units in Porto Belo: 99, 


List of mammography units in Porto União: 63, 


List of mammography units in Pouso Redondo: 


List of mammography units in Praia Grande: 


List of mammography units in Presidente Getúlio: 106, 


List of mammography units in Quilombo: 


List of mammography units in Rio das Antas: 


List of mammography units in Rio do Campo: 


List of mammography units in Rio do Oeste: 


List of mammography units in Rio dos Cedros: 


List of mammography units in Rio do Sul: 38, 


List of mammography units in Rio Fortuna: 


List of mammography units in Rio Negrinho: 57, 


List of mammography units in Riqueza: 


List of mammography units in Rodeio: 


List of mammography units in Romelândia: 


List of mammography units in Salete: 


List of mammography units in Saltinho: 


List of mammography units in Salto Veloso: 


List of mammography units in Sangão: 


List of mammography units in Santa Cecília: 


List of mammography units in Santa Rosa do Sul: 


List of mammography units in Santa Terezinha: 


List of mammography units in Santo Amaro da Imperatriz: 91, 


List of mammography units in São Bento do Sul: 36, 


List of mammography units in São Carlos: 


List of mammography units in São Cristóvão do Sul: 


List of mammography units in São Domingos: 


List of mammography units in São Francisco do Sul: 55, 


List of mammography units in São João do Oeste: 


List of mammography units in São João Batista: 78, 


List of mammography units in São João do Sul: 


List of mammography units in São Joaquim: 75, 


List of mammography units in São José: 8, 20, 32, 112, 


List of mammography units in São José do Cedro: 


List of mammography units in São José do Cerrito: 


List of mammography units in São Lourenço do Oeste: 82, 


List of mammography units in São Ludgero: 


List of mammography units in São Miguel do Oeste: 56, 120, 


List of mammography units in Saudades: 


List of mammography units in Schroeder: 


List of mammography units in Seara: 100, 


List of mammography units in Siderópolis: 


List of mammography units in Sombrio: 71, 116, 


List of mammography units in Taió: 97, 


List of mammography units in Tangará: 


List of mammography units in Tijucas: 70, 115, 


List of mammography units in Timbé do Sul: 


List of mammography units in Timbó: 54, 


List of mammography units in Timbó Grande: 


List of mammography units in Três Barras: 102, 


List of mammography units in Treviso: 


List of mammography units in Treze de Maio: 


List of mammography units in Treze Tílias: 


List of mammography units in Trombudo Central: 


List of mammography units in Tubarão: 22, 59, 


List of mammography units in Tunápolis: 


List of mammography units in Turvo: 


List of mammography units in Urubici: 126, 


List of mammography units in Urussanga: 77, 117, 


List of mammography units in Vargem Bonita: 


List of mammography units in Vidal Ramos: 


List of mammography units in Videira: 50, 


List of mammography units in Vitor Meireles: 


List of mammography units in Witmarsum: 


List of mammography units in Xanxerê: 51, 


List of mammography units in Xavantina: 


List of mammography units in Xaxim: 73, 



Demand coverage
City Abdon Batista:  0/242 => 0.0%
City Abelardo Luz:  1375/1375 => 100.0%
Mammography Unit 111 installed at Abelardo Luz => 1375/1375
City Agrolândia:  0/764 => 0.0%
City Agronômica:  0/421 => 0.0%
City Água Doce:  0/573 => 0.0%
City Águas de Chapecó:  0/543 => 0.0%
City Águas Frias:  0/224 => 0.0%
City Águas Mornas:  0/485 => 0.0%
City Alfredo Wagner:  0/814 => 0.0%
City Alto Bela Vista:  0/205 => 0.0%
City Anchieta:  0/574 => 0.0%
City Angelina:  0/447 => 0.0%
City Anita Garibaldi:  0/751 => 0.0%
City Anitápolis:  0/290 => 0.0%
City Antônio Carlos:  0/633 => 0.0%
City Apiúna:  0/812 => 0.0%
City Arabutã:  0/364 => 0.0%
City Araquari:  1863/1863 => 100.0%
Mammography Unit 90 installed at Araquari => 1863/1863
City Araranguá:  5664/5664 => 100.0%
Mammography Unit 37 installed at Araranguá => 5664/5664
City Armazém:  0/669 => 0.0%
City Arroio Trinta:  0/357 => 0.0%
City Arvoredo:  0/202 => 0.0%
City Ascurra:  0/691 => 0.0%
City Atalanta:  0/311 => 0.0%
City Aurora:  0/484 => 0.0%
City Balneário Arroio do Silva:  0/931 => 0.0%
City Balneário Camboriú:  10758/10758 => 100.0%
Mammography Unit 21 installed at Balneário Camboriú => 6758/10758
Mammography Unit 53 installed at Balneário Camboriú => 4000/10758
City Balneário Barra do Sul:  0/849 => 0.0%
City Balneário Gaivota:  0/786 => 0.0%
City Bandeirante:  0/261 => 0.0%
City Barra Bonita:  0/165 => 0.0%
City Barra Velha:  2003/2003 => 100.0%
Mammography Unit 81 installed at Barra Velha => 2003/2003
City Bela Vista do Toldo:  0/471 => 0.0%
City Belmonte:  0/231 => 0.0%
City Benedito Novo:  0/888 => 0.0%
City Biguaçu:  5187/5187 => 100.0%
Mammography Unit 40 installed at Biguaçu => 5187/5187
City Blumenau:  30047/30047 => 100.0%
Mammography Unit 5 installed at Blumenau => 6758/30047
Mammography Unit 6 installed at Blumenau => 6758/30047
Mammography Unit 11 installed at Blumenau => 6758/30047
Mammography Unit 31 installed at Blumenau => 6758/30047
Mammography Unit 61 installed at Blumenau => 3015/30047
City Bocaina do Sul:  0/283 => 0.0%
City Bombinhas:  1276/1276 => 100.0%
Mammography Unit 110 installed at Bombinhas => 1276/1276
City Bom Jardim da Serra:  0/382 => 0.0%
City Bom Jesus:  0/220 => 0.0%
City Bom Jesus do Oeste:  0/197 => 0.0%
City Bom Retiro:  0/718 => 0.0%
City Botuverá:  0/406 => 0.0%
City Braço do Norte:  2510/2510 => 100.0%
Mammography Unit 74 installed at Braço do Norte => 2510/2510
City Braço do Trombudo:  0/295 => 0.0%
City Brunópolis:  0/250 => 0.0%
City Brusque:  9733/9733 => 100.0%
Mammography Unit 28 installed at Brusque => 6758/9733
Mammography Unit 65 installed at Brusque => 2975/9733
City Caçador:  6069/6069 => 100.0%
Mammography Unit 33 installed at Caçador => 6069/6069
City Caibi:  0/584 => 0.0%
City Calmon:  0/239 => 0.0%
City Camboriú:  5101/5101 => 100.0%
Mammography Unit 45 installed at Camboriú => 5101/5101
City Capão Alto:  0/243 => 0.0%
City Campo Alegre:  0/983 => 0.0%
City Campo Belo do Sul:  0/648 => 0.0%
City Campo Erê:  0/744 => 0.0%
City Campos Novos:  2851/2851 => 100.0%
Mammography Unit 64 installed at Campos Novos => 2851/2851
City Canelinha:  0/871 => 0.0%
City Canoinhas:  4641/4641 => 100.0%
Mammography Unit 47 installed at Canoinhas => 4641/4641
City Capinzal:  1795/1795 => 100.0%
Mammography Unit 86 installed at Capinzal => 1795/1795
City Capivari de Baixo:  2097/2097 => 100.0%
Mammography Unit 84 installed at Capivari de Baixo => 2097/2097
City Catanduvas:  0/806 => 0.0%
City Caxambu do Sul:  0/428 => 0.0%
City Celso Ramos:  0/250 => 0.0%
City Cerro Negro:  0/297 => 0.0%
City Chapadão do Lageado:  0/222 => 0.0%
City Chapecó:  15917/15917 => 100.0%
Mammography Unit 14 installed at Chapecó => 6758/15917
Mammography Unit 26 installed at Chapecó => 6758/15917
Mammography Unit 72 installed at Chapecó => 2401/15917
City Cocal do Sul:  1527/1527 => 100.0%
Mammography Unit 104 installed at Cocal do Sul => 1527/1527
City Concórdia:  6539/6539 => 100.0%
Mammography Unit 34 installed at Concórdia => 6539/6539
City Cordilheira Alta:  0/340 => 0.0%
City Coronel Freitas:  0/944 => 0.0%
City Coronel Martins:  0/214 => 0.0%
City Corupá:  0/1170 => 0.0%
City Correia Pinto:  0/1271 => 0.0%
City Criciúma:  18587/18587 => 100.0%
Mammography Unit 9 installed at Criciúma => 6758/18587
Mammography Unit 23 installed at Criciúma => 6758/18587
Mammography Unit 43 installed at Criciúma => 5071/18587
City Cunha Porã:  0/1006 => 0.0%
City Cunhataí:  0/180 => 0.0%
City Curitibanos:  3294/3294 => 100.0%
Mammography Unit 58 installed at Curitibanos => 3294/3294
City Descanso:  0/842 => 0.0%
City Dionísio Cerqueira:  0/1233 => 0.0%
City Dona Emma:  0/307 => 0.0%
City Doutor Pedrinho:  0/324 => 0.0%
City Entre Rios:  0/220 => 0.0%
City Ermo:  0/179 => 0.0%
City Erval Velho:  0/415 => 0.0%
City Faxinal dos Guedes:  0/901 => 0.0%
City Flor do Sertão:  0/138 => 0.0%
City Florianópolis:  41605/41605 => 100.0%
Mammography Unit 2 installed at Florianópolis => 6758/41605
Mammography Unit 4 installed at Florianópolis => 6758/41605
Mammography Unit 7 installed at Florianópolis => 6758/41605
Mammography Unit 15 installed at Florianópolis => 6758/41605
Mammography Unit 16 installed at Florianópolis => 6758/41605
Mammography Unit 27 installed at Florianópolis => 6758/41605
Mammography Unit 124 installed at Florianópolis => 1057/41605
City Formosa do Sul:  0/224 => 0.0%
City Forquilhinha:  1906/1906 => 100.0%
Mammography Unit 83 installed at Forquilhinha => 1906/1906
City Fraiburgo:  2940/2940 => 100.0%
Mammography Unit 69 installed at Fraiburgo => 2940/2940
City Frei Rogério:  0/210 => 0.0%
City Galvão:  0/321 => 0.0%
City Garopaba:  1655/1655 => 100.0%
Mammography Unit 89 installed at Garopaba => 1655/1655
City Garuva:  0/1156 => 0.0%
City Gaspar:  5385/5385 => 100.0%
Mammography Unit 42 installed at Gaspar => 5385/5385
City Governador Celso Ramos:  0/1218 => 0.0%
City Grão-Pará:  0/558 => 0.0%
City Gravatal:  993/993 => 100.0%
Mammography Unit 108 installed at Gravatal => 993/993
City Guabiruba:  1664/1664 => 100.0%
Mammography Unit 88 installed at Guabiruba => 1664/1664
City Guaraciaba:  0/1011 => 0.0%
City Guaramirim:  2819/2819 => 100.0%
Mammography Unit 66 installed at Guaramirim => 2819/2819
City Guarujá do Sul:  0/473 => 0.0%
City Guatambú:  0/396 => 0.0%
City Herval d'Oeste:  1980/1980 => 100.0%
Mammography Unit 80 installed at Herval d'Oeste => 1980/1980
City Ibiam:  0/189 => 0.0%
City Ibicaré:  0/311 => 0.0%
City Ibirama:  1529/1529 => 100.0%
Mammography Unit 96 installed at Ibirama => 1529/1529
City Içara:  5428/5428 => 100.0%
Mammography Unit 39 installed at Içara => 5428/5428
City Ilhota:  0/1047 => 0.0%
City Imaruí:  0/1081 => 0.0%
City Imbituba:  3832/3832 => 100.0%
Mammography Unit 52 installed at Imbituba => 3832/3832
City Imbuia:  0/479 => 0.0%
City Indaial:  4850/4850 => 100.0%
Mammography Unit 62 installed at Indaial => 4850/4850
City Iomerê:  0/256 => 0.0%
City Ipira:  0/444 => 0.0%
City Iporã do Oeste:  0/779 => 0.0%
City Ipuaçu:  0/463 => 0.0%
City Ipumirim:  0/659 => 0.0%
City Iraceminha:  0/397 => 0.0%
City Irani:  0/814 => 0.0%
City Irati:  0/189 => 0.0%
City Irineópolis:  0/798 => 0.0%
City Itá:  0/585 => 0.0%
City Itaiópolis:  1575/1575 => 100.0%
Mammography Unit 92 installed at Itaiópolis => 1575/1575
City Itajaí:  16537/16537 => 100.0%
Mammography Unit 10 installed at Itajaí => 6758/16537
Mammography Unit 24 installed at Itajaí => 6758/16537
Mammography Unit 60 installed at Itajaí => 3021/16537
City Itapema:  4343/4343 => 100.0%
Mammography Unit 49 installed at Itapema => 4343/4343
City Itapiranga:  0/1320 => 0.0%
City Itapoá:  1415/1415 => 100.0%
Mammography Unit 107 installed at Itapoá => 1415/1415
City Ituporanga:  1902/1902 => 100.0%
Mammography Unit 87 installed at Ituporanga => 1902/1902
City Jaborá:  0/375 => 0.0%
City Jacinto Machado:  0/973 => 0.0%
City Jaguaruna:  1642/1642 => 100.0%
Mammography Unit 95 installed at Jaguaruna => 1642/1642
City Jaraguá do Sul:  12690/12690 => 100.0%
Mammography Unit 18 installed at Jaraguá do Sul => 6758/12690
Mammography Unit 35 installed at Jaraguá do Sul => 5932/12690
City Jardinópolis:  0/164 => 0.0%
City Joaçaba:  2636/2636 => 100.0%
Mammography Unit 67 installed at Joaçaba => 2636/2636
City Joinville:  47306/47662 => 99.25307372749779%
Mammography Unit 0 installed at Joinville => 6758/47662
Mammography Unit 1 installed at Joinville => 6758/47662
Mammography Unit 3 installed at Joinville => 6758/47662
Mammography Unit 12 installed at Joinville => 6758/47662
Mammography Unit 13 installed at Joinville => 6758/47662
Mammography Unit 19 installed at Joinville => 6758/47662
Mammography Unit 29 installed at Joinville => 6758/47662
City José Boiteux:  0/357 => 0.0%
City Jupiá:  0/193 => 0.0%
City Lacerdópolis:  0/210 => 0.0%
City Lages:  13516/14417 => 93.75043351598808%
Mammography Unit 17 installed at Lages => 6758/14417
Mammography Unit 30 installed at Lages => 6758/14417
City Laguna:  4919/4919 => 100.0%
Mammography Unit 44 installed at Laguna => 4919/4919
City Lajeado Grande:  0/145 => 0.0%
City Laurentino:  0/584 => 0.0%
City Lauro Müller:  1275/1275 => 100.0%
Mammography Unit 109 installed at Lauro Müller => 1275/1275
City Lebon Régis:  0/892 => 0.0%
City Leoberto Leal:  0/288 => 0.0%
City Lindóia do Sul:  0/433 => 0.0%
City Lontras:  0/858 => 0.0%
City Luiz Alves:  0/812 => 0.0%
City Luzerna:  0/575 => 0.0%
City Macieira:  0/154 => 0.0%
City Mafra:  4751/4751 => 100.0%
Mammography Unit 46 installed at Mafra => 4751/4751
City Major Gercino:  0/265 => 0.0%
City Major Vieira:  0/632 => 0.0%
City Maracajá:  0/558 => 0.0%
City Maravilha:  1991/1991 => 100.0%
Mammography Unit 79 installed at Maravilha => 1991/1991
City Marema:  0/214 => 0.0%
City Massaranduba:  0/1273 => 0.0%
City Matos Costa:  0/216 => 0.0%
City Meleiro:  0/636 => 0.0%
City Mirim Doce:  0/216 => 0.0%
City Modelo:  0/366 => 0.0%
City Mondaí:  0/872 => 0.0%
City Monte Carlo:  0/710 => 0.0%
City Monte Castelo:  0/647 => 0.0%
City Morro da Fumaça:  1440/1440 => 100.0%
Mammography Unit 101 installed at Morro da Fumaça => 1440/1440
City Morro Grande:  0/253 => 0.0%
City Navegantes:  5119/5119 => 100.0%
Mammography Unit 48 installed at Navegantes => 5119/5119
City Nova Erechim:  0/386 => 0.0%
City Nova Itaberaba:  0/387 => 0.0%
City Nova Trento:  0/1115 => 0.0%
City Nova Veneza:  0/1174 => 0.0%
City Novo Horizonte:  0/264 => 0.0%
City Orleans:  1947/1947 => 100.0%
Mammography Unit 85 installed at Orleans => 1947/1947
City Otacílio Costa:  1397/1397 => 100.0%
Mammography Unit 103 installed at Otacílio Costa => 1397/1397
City Ouro:  0/699 => 0.0%
City Ouro Verde:  0/199 => 0.0%
City Paial:  0/161 => 0.0%
City Painel:  0/205 => 0.0%
City Palhoça:  12163/12163 => 100.0%
Mammography Unit 25 installed at Palhoça => 6758/12163
Mammography Unit 41 installed at Palhoça => 5405/12163
City Palma Sola:  0/631 => 0.0%
City Palmeira:  0/199 => 0.0%
City Palmitos:  1534/1534 => 100.0%
Mammography Unit 94 installed at Palmitos => 1534/1534
City Papanduva:  1478/1478 => 100.0%
Mammography Unit 98 installed at Papanduva => 1478/1478
City Paraíso:  0/379 => 0.0%
City Passo de Torres:  0/604 => 0.0%
City Passos Maia:  0/355 => 0.0%
City Paulo Lopes:  0/563 => 0.0%
City Pedras Grandes:  0/403 => 0.0%
City Penha:  2258/2258 => 100.0%
Mammography Unit 76 installed at Penha => 2258/2258
City Peritiba:  0/303 => 0.0%
City Petrolândia:  0/567 => 0.0%
City Balneário Piçarras:  1551/1551 => 100.0%
Mammography Unit 93 installed at Balneário Piçarras => 1551/1551
City Pinhalzinho:  1378/1378 => 100.0%
Mammography Unit 105 installed at Pinhalzinho => 1378/1378
City Pinheiro Preto:  0/284 => 0.0%
City Piratuba:  0/442 => 0.0%
City Planalto Alegre:  0/268 => 0.0%
City Pomerode:  2579/2579 => 100.0%
Mammography Unit 68 installed at Pomerode => 2579/2579
City Ponte Alta:  0/406 => 0.0%
City Ponte Alta do Norte:  0/258 => 0.0%
City Ponte Serrada:  0/920 => 0.0%
City Porto Belo:  1468/1468 => 100.0%
Mammography Unit 99 installed at Porto Belo => 1468/1468
City Porto União:  2997/2997 => 100.0%
Mammography Unit 63 installed at Porto União => 2997/2997
City Pouso Redondo:  0/1220 => 0.0%
City Praia Grande:  0/642 => 0.0%
City Presidente Castello Branco:  0/175 => 0.0%
City Presidente Getúlio:  1330/1330 => 100.0%
Mammography Unit 106 installed at Presidente Getúlio => 1330/1330
City Presidente Nereu:  0/201 => 0.0%
City Princesa:  0/223 => 0.0%
City Quilombo:  0/892 => 0.0%
City Rancho Queimado:  0/243 => 0.0%
City Rio das Antas:  0/524 => 0.0%
City Rio do Campo:  0/533 => 0.0%
City Rio do Oeste:  0/619 => 0.0%
City Rio dos Cedros:  0/909 => 0.0%
City Rio do Sul:  5651/5651 => 100.0%
Mammography Unit 38 installed at Rio do Sul => 5651/5651
City Rio Fortuna:  0/421 => 0.0%
City Rio Negrinho:  3403/3403 => 100.0%
Mammography Unit 57 installed at Rio Negrinho => 3403/3403
City Rio Rufino:  0/205 => 0.0%
City Riqueza:  0/399 => 0.0%
City Rodeio:  0/1044 => 0.0%
City Romelândia:  0/556 => 0.0%
City Salete:  0/646 => 0.0%
City Saltinho:  0/331 => 0.0%
City Salto Veloso:  0/378 => 0.0%
City Sangão:  0/791 => 0.0%
City Santa Cecília:  0/1220 => 0.0%
City Santa Helena:  0/230 => 0.0%
City Santa Rosa de Lima:  0/186 => 0.0%
City Santa Rosa do Sul:  0/731 => 0.0%
City Santa Terezinha:  0/682 => 0.0%
City Santa Terezinha do Progresso:  0/256 => 0.0%
City Santiago do Sul:  0/135 => 0.0%
City Santo Amaro da Imperatriz:  1791/1791 => 100.0%
Mammography Unit 91 installed at Santo Amaro da Imperatriz => 1791/1791
City São Bernardino:  0/225 => 0.0%
City São Bento do Sul:  6633/6633 => 100.0%
Mammography Unit 36 installed at São Bento do Sul => 6633/6633
City São Bonifácio:  0/275 => 0.0%
City São Carlos:  0/960 => 0.0%
City São Cristóvão do Sul:  0/345 => 0.0%
City São Domingos:  0/881 => 0.0%
City São Francisco do Sul:  3773/3773 => 100.0%
Mammography Unit 55 installed at São Francisco do Sul => 3773/3773
City São João do Oeste:  0/594 => 0.0%
City São João Batista:  2130/2130 => 100.0%
Mammography Unit 78 installed at São João Batista => 2130/2130
City São João do Itaperiú:  0/268 => 0.0%
City São João do Sul:  0/616 => 0.0%
City São Joaquim:  2296/2296 => 100.0%
Mammography Unit 75 installed at São Joaquim => 2296/2296
City São José:  20470/20470 => 100.0%
Mammography Unit 8 installed at São José => 6758/20470
Mammography Unit 20 installed at São José => 6758/20470
Mammography Unit 32 installed at São José => 6758/20470
Mammography Unit 112 installed at São José => 196/20470
City São José do Cedro:  0/1255 => 0.0%
City São José do Cerrito:  0/813 => 0.0%
City São Lourenço do Oeste:  1953/1953 => 100.0%
Mammography Unit 82 installed at São Lourenço do Oeste => 1953/1953
City São Ludgero:  0/921 => 0.0%
City São Martinho:  0/294 => 0.0%
City São Miguel da Boa Vista:  0/181 => 0.0%
City São Miguel do Oeste:  3480/3480 => 100.0%
Mammography Unit 56 installed at São Miguel do Oeste => 3480/3480
City São Pedro de Alcântara:  0/308 => 0.0%
City Saudades:  0/818 => 0.0%
City Schroeder:  0/1247 => 0.0%
City Seara:  1550/1550 => 100.0%
Mammography Unit 100 installed at Seara => 1550/1550
City Serra Alta:  0/315 => 0.0%
City Siderópolis:  0/1244 => 0.0%
City Sombrio:  2371/2371 => 100.0%
Mammography Unit 71 installed at Sombrio => 2371/2371
City Sul Brasil:  0/254 => 0.0%
City Taió:  1513/1513 => 100.0%
Mammography Unit 97 installed at Taió => 1513/1513
City Tangará:  0/761 => 0.0%
City Tigrinhos:  0/173 => 0.0%
City Tijucas:  2699/2699 => 100.0%
Mammography Unit 70 installed at Tijucas => 2699/2699
City Timbé do Sul:  0/475 => 0.0%
City Timbó:  3518/3518 => 100.0%
Mammography Unit 54 installed at Timbó => 3518/3518
City Timbó Grande:  0/485 => 0.0%
City Três Barras:  1442/1442 => 100.0%
Mammography Unit 102 installed at Três Barras => 1442/1442
City Treviso:  0/334 => 0.0%
City Treze de Maio:  0/627 => 0.0%
City Treze Tílias:  0/527 => 0.0%
City Trombudo Central:  0/598 => 0.0%
City Tubarão:  9806/9806 => 100.0%
Mammography Unit 22 installed at Tubarão => 6758/9806
Mammography Unit 59 installed at Tubarão => 3048/9806
City Tunápolis:  0/428 => 0.0%
City Turvo:  0/1087 => 0.0%
City União do Oeste:  0/268 => 0.0%
City Urubici:  938/938 => 100.0%
Mammography Unit 126 installed at Urubici => 938/938
City Urupema:  0/234 => 0.0%
City Urussanga:  2024/2024 => 100.0%
Mammography Unit 77 installed at Urussanga => 2024/2024
City Vargeão:  0/298 => 0.0%
City Vargem:  0/242 => 0.0%
City Vargem Bonita:  0/394 => 0.0%
City Vidal Ramos:  0/513 => 0.0%
City Videira:  4179/4179 => 100.0%
Mammography Unit 50 installed at Videira => 4179/4179
City Vitor Meireles:  0/398 => 0.0%
City Witmarsum:  0/318 => 0.0%
City Xanxerê:  3977/3977 => 100.0%
Mammography Unit 51 installed at Xanxerê => 3977/3977
City Xavantina:  0/406 => 0.0%
City Xaxim:  2347/2347 => 100.0%
Mammography Unit 73 installed at Xaxim => 2347/2347
City Zortéa:  0/253 => 0.0%
Coverage
0.0
1.0
0.0
0.0
0.0
0.0
0.0
0.0
0.0
0.0
0.0
0.0
0.0
0.0
0.0
0.0
0.0
1.0
1.0
0.0
0.0
0.0
0.0
0.0
0.0
0.0
1.0
0.0
0.0
0.0
0.0
1.0
0.0
0.0
0.0
1.0
1.0
0.0
1.0
0.0
0.0
0.0
0.0
0.0
1.0
0.0
0.0
1.0
1.0
0.0
0.0
1.0
0.0
0.0
0.0
0.0
1.0
0.0
1.0
1.0
1.0
0.0
0.0
0.0
0.0
0.0
1.0
1.0
1.0
0.0
0.0
0.0
0.0
0.0
1.0
0.0
0.0
1.0
0.0
0.0
0.0
0.0
0.0
0.0
0.0
0.0
0.0
1.0
0.0
1.0
1.0
0.0
0.0
1.0
0.0
1.0
0.0
0.0
1.0
1.0
0.0
1.0
0.0
0.0
1.0
0.0
0.0
1.0
1.0
0.0
0.0
1.0
0.0
1.0
0.0
0.0
0.0
0.0
0.0
0.0
0.0
0.0
0.0
0.0
1.0
1.0
1.0
0.0
1.0
1.0
0.0
0.0
1.0
1.0
0.0
1.0
0.992530737274978
0.0
0.0
0.0
0.9375043351598807
1.0
0.0
0.0
1.0
0.0
0.0
0.0
0.0
0.0
0.0
0.0
1.0
0.0
0.0
0.0
1.0
0.0
0.0
0.0
0.0
0.0
0.0
0.0
0.0
0.0
1.0
0.0
1.0
0.0
0.0
0.0
0.0
0.0
1.0
1.0
0.0
0.0
0.0
0.0
1.0
0.0
0.0
1.0
1.0
0.0
0.0
0.0
0.0
0.0
1.0
0.0
0.0
1.0
1.0
0.0
0.0
0.0
1.0
0.0
0.0
0.0
1.0
1.0
0.0
0.0
0.0
1.0
0.0
0.0
0.0
0.0
0.0
0.0
0.0
0.0
1.0
0.0
1.0
0.0
0.0
0.0
0.0
0.0
0.0
0.0
0.0
0.0
0.0
0.0
0.0
0.0
0.0
0.0
1.0
0.0
1.0
0.0
0.0
0.0
0.0
1.0
0.0
1.0
0.0
0.0
1.0
1.0
0.0
0.0
1.0
0.0
0.0
0.0
1.0
0.0
0.0
0.0
1.0
0.0
0.0
1.0
0.0
1.0
0.0
0.0
1.0
0.0
1.0
0.0
1.0
0.0
0.0
0.0
0.0
1.0
0.0
0.0
0.0
1.0
0.0
1.0
0.0
0.0
0.0
0.0
1.0
0.0
0.0
1.0
0.0
1.0
0.0
